來源,店名,地區,地址,路名,標題,日期,連結
PTT Food,市區。IHAWAN SA NANKAN,中壢,桃園市中壢區建國路15號,建國路,[食記] 桃園市中壢區。IHAWAN SA NANKAN,6/04,https://www.ptt.cc/bbs/Food/M.1780557321.A.17C.html
PTT Food,市區。MARIA PINOY,中壢,桃園市中壢區建國路7號,建國路,[食記] 桃園市中壢區。MARIA PINOY,5/29,https://www.ptt.cc/bbs/Food/M.1780065978.A.BD1.html
PTT Food,市區。德炙烤雞,中壢,桃園市中壢區文化二路89號（89美食廣場旁）,園市中壢區文化二路,[食記] 桃園市中壢區。德炙烤雞,5/27,https://www.ptt.cc/bbs/Food/M.1779863504.A.CD4.html
PTT Food,市區。武威堂,中壢,桃園市中壢區龍岡路一段63巷52號,龍岡路,[食記] 桃園市中壢區。武威堂,5/16,https://www.ptt.cc/bbs/Food/M.1778939690.A.FB9.html
PTT Food,區。郭老爺山東水餃,中壢,桃園市中壢區42-1號眷舍（馬祖新村文創園區）,,[食記] 桃園中壢區。郭老爺山東水餃,5/05,https://www.ptt.cc/bbs/Food/M.1777984656.A.9DD.html
PTT Food,-海鮮蝦紅素拉麵很特別-澤拉麵,中壢,320桃園市中壢區民權路四段680號,桃園市中壢區民權路四段,[食記] 桃園中壢-海鮮蝦紅素拉麵很特別-澤拉麵,4/28,https://www.ptt.cc/bbs/Food/M.1777333408.A.CCA.html
PTT Food,市區。歐內斯特廚房,中壢,桃園市中壢區大仁二街18-8號,園市中壢區大仁二街,[食記] 桃園市中壢區。歐內斯特廚房,4/21,https://www.ptt.cc/bbs/Food/M.1776765979.A.E14.html
PTT Food,市區。甜點先生,中壢,桃園市中壢區龍岡路三段634號1樓,龍岡路,[食記] 桃園市中壢區。甜點先生,4/18,https://www.ptt.cc/bbs/Food/M.1776497870.A.E9E.html
PTT Food,市區。PUNJABI BISTRO & BAR,中壢,桃園市中壢區中正路302巷10號,中正路,[食記] 桃園市中壢區。PUNJABI BISTRO & BAR,4/09,https://www.ptt.cc/bbs/Food/M.1775721160.A.265.html
PTT Food,市區。扯厚腿,中壢,桃園市中壢區大仁四街與大仁五街口,園市中壢區大仁四街,[食記] 桃園市中壢區。扯厚腿,4/07,https://www.ptt.cc/bbs/Food/M.1775547573.A.8FC.html
PTT Food,市區。邑成北平蜜汁燒烤,中壢,桃園市中壢區中央西路二段120號（與新明路口）,中央西路,[食記] 桃園市中壢區。邑成北平蜜汁燒烤,4/04,https://www.ptt.cc/bbs/Food/M.1775313687.A.9FF.html
PTT Food,市區。焦糖楓串燒,中壢,桃園市中壢區實踐路134號,桃園市中壢區實踐路,[食記] 桃園市中壢區。焦糖楓串燒,3/27,https://www.ptt.cc/bbs/Food/M.1774621240.A.717.html
PTT Food,-焢肉放在蛋餅中-尚味豆漿,中壢,320桃園市中壢區日新路67號,桃園市中壢區日新路,[食記] 桃園中壢-焢肉放在蛋餅中-尚味豆漿,3/26,https://www.ptt.cc/bbs/Food/M.1774489747.A.7F8.html
PTT Food,市區。四季泰式料理,中壢,桃園市中壢區中山東路四段1巷38弄37號（近龍岡圖書館）,中山東路,[食記] 桃園市中壢區。四季泰式料理,3/24,https://www.ptt.cc/bbs/Food/M.1774338553.A.E45.html
PTT Food,區。蛋白盒子（工業區店）,中壢,桃園市中壢區中園路30號,中園路,[食記] 桃園中壢區。蛋白盒子（中壢工業區店）,3/19,https://www.ptt.cc/bbs/Food/M.1773907375.A.C4E.html
PTT Food,-昭和感日式餐廳-喜樂屋,中壢,320桃園市中壢區新生路263號,新生路,[食記] 桃園中壢-昭和感日式餐廳-喜樂屋,3/11,https://www.ptt.cc/bbs/Food/M.1773190574.A.54C.html
PTT Food,歐內斯特廚房  西非秋葵醬燉牛肉,中壢,台灣桃園市中壢區大仁二街18-8號,園市中壢區大仁二街,[食記] 歐內斯特廚房 桃園中壢 西非秋葵醬燉牛肉,2/27,https://www.ptt.cc/bbs/Food/M.1772171781.A.779.html
PTT Food,區。家裡咖哩,中壢,桃園市中壢區中豐路418-1號,中豐路,[食記] 桃園中壢區。家裡咖哩,1/29,https://www.ptt.cc/bbs/Food/M.1769695395.A.B06.html
PTT Food,區。老王美食（老王臭豆腐）,中壢,桃園市中壢區龍東路203號,桃園市中壢區龍東路,[食記] 桃園中壢區。老王美食（老王臭豆腐）,1/27,https://www.ptt.cc/bbs/Food/M.1769523798.A.8BE.html
PTT Food,區。醇厚 泰國菜（泰國小吃）,中壢,桃園市中壢區新興路265號,桃園市中壢區新興路,[食記] 桃園中壢區。醇厚 泰國菜（泰國小吃）,1/15,https://www.ptt.cc/bbs/Food/M.1768458001.A.040.html
